{
  "experiment": "codex-p1-rust-scl-fast-l8-n2048",
  "decoder": "scl_l8_minsum_pathmetric",
  "frozen_set": "natural_order_bhattacharyya_z2i_bad_z2i1_good",
  "results": [
    {
      "N": 2048,
      "K": 256,
      "p": 0.0706000000,
      "trials": 200,
      "errors": 0,
      "bler": 0.0000000000,
      "seed": 3235823838
    },
    {
      "N": 2048,
      "K": 256,
      "p": 0.0343000000,
      "trials": 200,
      "errors": 0,
      "bler": 0.0000000000,
      "seed": 11400714822559022323
    }
  ]
}
