{
  "experiment": "codex-p1-rust-scl-fast-l8-high-noise",
  "decoder": "scl_l8_minsum_pathmetric",
  "frozen_set": "natural_order_bhattacharyya_z2i_bad_z2i1_good",
  "results": [
    {
      "N": 2048,
      "K": 256,
      "p": 0.3000000000,
      "trials": 200,
      "errors": 193,
      "bler": 0.9650000000,
      "seed": 3235823838
    },
    {
      "N": 2048,
      "K": 256,
      "p": 0.4000000000,
      "trials": 200,
      "errors": 200,
      "bler": 1.0000000000,
      "seed": 11400714822559022323
    },
    {
      "N": 2048,
      "K": 256,
      "p": 0.5000000000,
      "trials": 200,
      "errors": 200,
      "bler": 1.0000000000,
      "seed": 4354685568172669192
    }
  ]
}
