{
  "experiment": "codex-lsn-ref-n3-kat-search",
  "status": "toy reference KAT scaffold; not production constant-time; no security claim",
  "negative_control": "same public key and ciphertext, decapsulated with a wrong Lagrangian secret",
  "roundtrip_ok": true,
  "wrong_secret_roundtrip_ok": false,
  "params": {
    "n": 3,
    "sample_count": 256,
    "repetition": 3,
    "polar_N": 32,
    "polar_K": 16,
    "public_noise_rate": 0.0000000000,
    "decoder_design_p": 0.0343000000
  },
  "seeds": {
    "honest_secret_seed": 659918,
    "wrong_secret_seed": 663553,
    "sample_seed": 24301,
    "noise_seed": 49374,
    "encaps_seed": 48879
  },
  "honest_secret_lagrangian_points": [0, 13, 22, 27, 39, 42, 49, 60],
  "wrong_secret_lagrangian_points": [0, 8, 17, 25, 35, 43, 50, 58],
  "public_points": [16, 26, 49, 44, 13, 23, 15, 8, 60, 9, 44, 46, 46, 42, 22, 61, 22, 42, 37, 4, 28, 52, 61, 52, 11, 0, 17, 34, 14, 43, 7, 26, 50, 55, 33, 63, 26, 1, 13, 32, 58, 12, 4, 60, 38, 48, 48, 44, 33, 59, 13, 36, 3, 40, 63, 1, 24, 0, 39, 49, 14, 27, 15, 51, 51, 61, 26, 47, 52, 10, 62, 63, 35, 58, 63, 56, 41, 24, 20, 30, 34, 21, 19, 45, 6, 36, 3, 25, 62, 15, 24, 19, 26, 43, 3, 18, 43, 40, 35, 5, 33, 26, 10, 42, 36, 51, 52, 1, 0, 54, 61, 21, 1, 45, 40, 27, 11, 13, 4, 20, 60, 40, 20, 11, 58, 26, 63, 58, 4, 61, 3, 28, 31, 41, 28, 4, 24, 40, 52, 24, 44, 11, 13, 23, 18, 31, 52, 24, 58, 6, 20, 32, 9, 29, 22, 8, 62, 45, 27, 8, 46, 36, 54, 35, 23, 4, 39, 57, 4, 16, 36, 18, 19, 54, 43, 60, 25, 36, 49, 39, 18, 14, 57, 13, 54, 11, 42, 49, 53, 2, 2, 3, 33, 12, 56, 8, 53, 27, 42, 55, 24, 12, 17, 39, 61, 63, 28, 15, 28, 49, 10, 29, 18, 47, 2, 11, 17, 1, 34, 62, 54, 5, 58, 32, 47, 17, 29, 60, 1, 61, 14, 21, 31, 22, 56, 17, 3, 27, 44, 46, 20, 21, 44, 0, 52, 38, 2, 32, 50, 46, 51, 51, 52, 60, 10, 1],
  "public_labels": [0, 0, 1, 0, 1, 0, 0, 0, 1, 0, 0, 0, 0, 1, 1, 0, 1, 1, 0, 0, 0, 0, 0, 0, 0, 1, 0, 0, 0, 0, 0, 0, 0, 0, 0, 0, 0, 0, 1, 0, 0, 0, 0, 1, 0, 0, 0, 0, 0, 0, 1, 0, 0, 0, 0, 0, 0, 1, 1, 1, 0, 1, 0, 0, 0, 0, 0, 0, 0, 0, 0, 0, 0, 0, 0, 0, 0, 0, 0, 0, 0, 0, 0, 0, 0, 0, 0, 0, 0, 0, 0, 0, 0, 0, 0, 0, 0, 0, 0, 0, 0, 0, 0, 1, 0, 0, 0, 0, 1, 0, 0, 0, 0, 0, 0, 1, 0, 1, 0, 0, 1, 0, 0, 0, 0, 0, 0, 0, 0, 0, 0, 0, 0, 0, 0, 0, 0, 0, 0, 0, 0, 0, 1, 0, 0, 0, 0, 0, 0, 0, 0, 0, 0, 0, 1, 0, 0, 0, 1, 0, 0, 0, 0, 0, 0, 0, 1, 0, 0, 0, 0, 0, 0, 0, 0, 1, 0, 0, 1, 1, 0, 0, 0, 1, 0, 0, 1, 1, 0, 0, 0, 0, 0, 0, 0, 0, 0, 1, 1, 0, 0, 0, 0, 1, 0, 0, 0, 0, 0, 1, 0, 0, 0, 0, 0, 0, 0, 0, 0, 0, 0, 0, 0, 0, 0, 0, 0, 1, 0, 0, 0, 0, 0, 1, 0, 0, 0, 1, 0, 0, 0, 0, 0, 1, 0, 0, 0, 0, 0, 0, 0, 0, 0, 1, 0, 0],
  "selected_indices": [66, 21, 52, 227, 236, 169, 130, 25, 197, 84, 19, 159, 51, 112, 129, 120, 207, 10, 240, 13, 35, 46, 38, 115, 17, 45, 250, 226, 173, 176, 186, 219, 48, 5, 68, 221, 6, 59, 230, 160, 152, 210, 31, 244, 33, 148, 100, 153, 57, 85, 213, 128, 94, 183, 146, 224, 171, 215, 136, 246, 143, 81, 243, 204, 170, 156, 39, 222, 205, 190, 187, 184, 162, 179, 78, 99, 16, 223, 28, 117, 253, 42, 1, 208, 251, 49, 155, 83, 194, 102, 127, 185, 58, 40, 109, 181],
  "message_bits": [1, 0, 1, 1, 1, 0, 1, 1, 1, 0, 0, 0, 1, 0, 1, 0],
  "ciphertext_syndrome_bits": [1, 0, 0, 0, 0, 0, 1, 1, 0, 0, 0, 0, 0, 1, 1, 1, 0, 0, 0, 0, 0, 1, 1, 1, 1, 0, 0, 0, 0, 0, 1, 0],
  "decoded_message_bits": [1, 0, 1, 1, 1, 0, 1, 1, 1, 0, 0, 0, 1, 0, 1, 0],
  "wrong_secret_decoded_message_bits": [1, 0, 1, 1, 1, 0, 1, 1, 0, 0, 1, 0, 1, 0, 1, 0],
  "encapsulated_key_hex": "b760a1856d1467c5d8d53f88def9af7086445267b01fe4f2109a4c174681d2ab",
  "decapsulated_key_hex": "b760a1856d1467c5d8d53f88def9af7086445267b01fe4f2109a4c174681d2ab",
  "wrong_secret_decapsulated_key_hex": "ebc77dfce0661c9f891553438d983adea42631332c16c9df4822b839260660d9"
}
