{
  "n": 4,
  "num_samples": 10000000,
  "m1_est": 0.2510564125,
  "m2_est": 0.06194095357142857,
  "m3_est": 0.014967676785714286,
  "se_m1": 4.748796024270767e-05,
  "se_m2": 2.5838152122925458e-05,
  "se_m3": 1.1886084772108827e-05,
  "t_distribution": {
    "0": 958009,
    "1": 2565133,
    "2": 3338401,
    "3": 1981725,
    "4": 923856,
    "5": 195277,
    "6": 37599
  },
  "time_seconds": 176.58371901512146
}