{
  "experiment": "codex-lsn-ref-n2-noisy-kat",
  "status": "toy reference KAT scaffold; not production constant-time; no security claim",
  "negative_control": "same public key and ciphertext, decapsulated with a wrong Lagrangian secret",
  "roundtrip_ok": true,
  "wrong_secret_roundtrip_ok": false,
  "params": {
    "n": 2,
    "sample_count": 512,
    "repetition": 9,
    "polar_N": 32,
    "polar_K": 8,
    "public_noise_rate": 0.2500000000,
    "decoder_design_p": 0.0343000000
  },
  "seeds": {
    "honest_secret_seed": 659918,
    "wrong_secret_seed": 663556,
    "sample_seed": 24301,
    "noise_seed": 49374,
    "encaps_seed": 48879
  },
  "honest_secret_lagrangian_points": [0, 6, 9, 15],
  "wrong_secret_lagrangian_points": [0, 3, 4, 7],
  "public_points": [0, 10, 1, 12, 13, 7, 15, 8, 12, 9, 12, 14, 14, 10, 6, 13, 6, 10, 5, 4, 12, 4, 13, 4, 11, 0, 1, 2, 14, 11, 7, 10, 2, 7, 1, 15, 10, 1, 13, 0, 10, 12, 4, 12, 6, 0, 0, 12, 1, 11, 13, 4, 3, 8, 15, 1, 8, 0, 7, 1, 14, 11, 15, 3, 3, 13, 10, 15, 4, 10, 14, 15, 3, 10, 15, 8, 9, 8, 4, 14, 2, 5, 3, 13, 6, 4, 3, 9, 14, 15, 8, 3, 10, 11, 3, 2, 11, 8, 3, 5, 1, 10, 10, 10, 4, 3, 4, 1, 0, 6, 13, 5, 1, 13, 8, 11, 11, 13, 4, 4, 12, 8, 4, 11, 10, 10, 15, 10, 4, 13, 3, 12, 15, 9, 12, 4, 8, 8, 4, 8, 12, 11, 13, 7, 2, 15, 4, 8, 10, 6, 4, 0, 9, 13, 6, 8, 14, 13, 11, 8, 14, 4, 6, 3, 7, 4, 7, 9, 4, 0, 4, 2, 3, 6, 11, 12, 9, 4, 1, 7, 2, 14, 9, 13, 6, 11, 10, 1, 5, 2, 2, 3, 1, 12, 8, 8, 5, 11, 10, 7, 8, 12, 1, 7, 13, 15, 12, 15, 12, 1, 10, 13, 2, 15, 2, 11, 1, 1, 2, 14, 6, 5, 10, 0, 15, 1, 13, 12, 1, 13, 14, 5, 15, 6, 8, 1, 3, 11, 12, 14, 4, 5, 12, 0, 4, 6, 2, 0, 2, 14, 3, 3, 4, 12, 10, 1, 14, 13, 10, 14, 11, 0, 7, 10, 14, 4, 2, 3, 7, 7, 0, 7, 12, 12, 13, 6, 15, 8, 0, 8, 12, 10, 1, 8, 8, 15, 12, 2, 11, 1, 3, 3, 14, 9, 9, 12, 2, 0, 6, 9, 1, 14, 15, 8, 10, 9, 6, 4, 6, 14, 5, 7, 10, 13, 2, 10, 11, 1, 4, 10, 11, 11, 12, 8, 4, 0, 3, 2, 5, 13, 10, 1, 15, 15, 2, 3, 12, 7, 10, 7, 9, 10, 3, 5, 9, 3, 10, 9, 11, 10, 3, 5, 12, 5, 8, 3, 14, 9, 3, 13, 11, 0, 2, 4, 15, 7, 10, 1, 13, 1, 3, 1, 12, 6, 5, 13, 15, 5, 5, 11, 4, 12, 10, 13, 10, 14, 10, 5, 14, 6, 7, 0, 11, 3, 13, 0, 2, 1, 4, 4, 3, 1, 9, 5, 4, 6, 3, 6, 0, 15, 4, 8, 8, 14, 11, 6, 15, 11, 6, 15, 4, 13, 6, 9, 5, 13, 5, 10, 5, 5, 15, 0, 15, 9, 9, 2, 8, 0, 2, 10, 1, 3, 13, 14, 6, 10, 15, 13, 4, 13, 11, 0, 7, 5, 5, 6, 7, 13, 2, 15, 7, 5, 4, 15, 14, 12, 5, 15, 13, 1, 6, 5, 12, 1, 12, 11, 12, 15, 2, 13, 10, 3, 7, 6, 1, 7, 10, 4, 8, 8, 15, 5, 2, 0, 6, 9, 12, 6, 1, 15, 4, 4, 6, 1, 14, 7, 4, 15, 5, 2, 5, 10],
  "public_labels": [0, 0, 1, 0, 0, 0, 1, 0, 0, 1, 0, 0, 0, 0, 1, 0, 1, 0, 1, 1, 0, 0, 0, 1, 1, 1, 0, 0, 1, 0, 1, 0, 1, 0, 0, 0, 0, 0, 0, 1, 0, 0, 0, 1, 1, 1, 1, 0, 0, 0, 0, 0, 0, 1, 1, 1, 0, 1, 0, 0, 0, 0, 1, 1, 1, 0, 0, 1, 0, 0, 0, 1, 0, 1, 0, 0, 0, 1, 0, 0, 0, 0, 0, 1, 0, 0, 0, 0, 1, 1, 0, 0, 0, 1, 0, 0, 0, 0, 1, 0, 0, 0, 0, 0, 0, 0, 0, 0, 1, 1, 0, 1, 1, 0, 0, 0, 0, 0, 1, 1, 1, 1, 0, 0, 1, 0, 0, 0, 0, 0, 0, 1, 0, 1, 1, 0, 0, 0, 0, 1, 0, 0, 1, 0, 0, 1, 0, 0, 0, 1, 0, 0, 1, 0, 0, 0, 1, 0, 0, 0, 0, 0, 0, 0, 0, 0, 0, 1, 0, 0, 0, 0, 1, 0, 0, 0, 1, 1, 0, 0, 0, 0, 1, 0, 1, 0, 0, 0, 0, 0, 0, 0, 0, 0, 0, 1, 0, 1, 0, 0, 0, 1, 0, 0, 1, 0, 0, 0, 0, 0, 0, 1, 0, 1, 0, 0, 1, 0, 0, 0, 1, 1, 0, 1, 1, 0, 1, 0, 0, 0, 0, 0, 1, 1, 1, 0, 0, 0, 1, 0, 0, 0, 0, 1, 1, 0, 1, 0, 1, 0, 0, 0, 0, 1, 0, 1, 0, 0, 1, 1, 0, 1, 0, 0, 0, 1, 0, 0, 0, 0, 1, 0, 0, 0, 0, 1, 0, 0, 1, 1, 0, 1, 0, 0, 1, 1, 0, 0, 0, 1, 0, 0, 0, 1, 1, 0, 0, 1, 0, 0, 0, 0, 0, 1, 0, 1, 1, 0, 0, 0, 0, 0, 0, 0, 0, 0, 1, 0, 0, 0, 0, 0, 0, 0, 0, 0, 0, 0, 1, 0, 1, 0, 1, 1, 0, 0, 0, 1, 0, 0, 1, 0, 0, 0, 1, 0, 1, 1, 0, 1, 0, 0, 0, 1, 0, 0, 0, 1, 0, 1, 1, 1, 0, 0, 0, 0, 0, 0, 1, 0, 0, 0, 0, 0, 0, 0, 1, 0, 0, 0, 0, 1, 0, 0, 0, 0, 0, 0, 1, 1, 1, 1, 1, 0, 0, 0, 0, 0, 1, 0, 0, 0, 1, 0, 1, 0, 0, 0, 1, 1, 1, 1, 1, 0, 0, 1, 1, 1, 0, 1, 0, 0, 0, 1, 0, 0, 0, 0, 0, 0, 1, 1, 1, 0, 1, 1, 0, 1, 0, 1, 0, 0, 0, 0, 1, 0, 0, 1, 0, 0, 1, 1, 0, 0, 0, 0, 0, 0, 0, 1, 1, 1, 0, 1, 0, 0, 0, 1, 1, 0, 1, 1, 1, 0, 0, 0, 0, 1, 1, 0, 0, 0, 1, 0, 0, 0, 1, 0, 1, 0, 1, 0, 1, 1, 1, 1, 1, 0, 0, 1, 0, 0, 1, 1, 0, 0, 1, 1, 0, 0, 0, 0],
  "selected_indices": [322, 298, 364, 150, 472, 441, 406, 12, 493, 54, 105, 351, 75, 204, 31, 286, 47, 427, 13, 141, 7, 172, 484, 477, 88, 377, 486, 285, 149, 206, 504, 355, 496, 246, 216, 439, 78, 194, 340, 166, 376, 72, 475, 464, 361, 48, 276, 510, 265, 101, 301, 323, 26, 198, 310, 352, 83, 86, 16, 429, 299, 258, 511, 49, 426, 343, 288, 418, 289, 278, 419, 357, 362, 344, 76, 195, 287, 331, 131, 485, 365, 119, 488, 291, 151, 490, 333, 17, 0, 77, 321, 390, 452, 394, 187, 275, 117, 155, 381, 210, 153, 360, 385, 448, 136, 113, 233, 180, 447, 59, 294, 492, 137, 110, 450, 112, 239, 430, 120, 130, 132, 416, 269, 470, 69, 368, 55, 279, 350, 384, 23, 201, 247, 396, 32, 36, 157, 262, 143, 39, 502, 163, 296, 243, 508, 251, 40, 313, 413, 203, 327, 330, 81, 209, 60, 160, 440, 4, 495, 85, 332, 422, 468, 87, 200, 9, 348, 114, 489, 312, 207, 324, 436, 214, 223, 90, 397, 73, 354, 238, 379, 109, 186, 466, 5, 228, 478, 274, 408, 404, 56, 302, 161, 189, 281, 372, 446, 176, 336, 63, 476, 215, 318, 18, 147, 465, 213, 178, 417, 369, 491, 174, 168, 95, 133, 378, 315, 311, 479, 165, 34, 25, 8, 57, 356, 300, 128, 61, 51, 259, 405, 334, 193, 21, 129, 471, 345, 41, 62, 498, 389, 442, 373, 127, 483, 170, 236, 148, 11, 44, 409, 173, 424, 263, 43, 3, 156, 184, 164, 241, 481, 250, 271, 80, 116, 420, 421, 380, 346, 106, 487, 260, 2, 144, 38, 74, 453, 121, 267, 388, 391, 410, 480, 115, 91, 52, 211, 306],
  "message_bits": [1, 0, 1, 1, 1, 0, 1, 1],
  "ciphertext_syndrome_bits": [0, 1, 1, 0, 0, 0, 1, 0, 0, 0, 1, 1, 1, 1, 0, 0, 1, 0, 0, 0, 1, 1, 0, 1, 1, 0, 0, 0, 1, 1, 0, 0],
  "decoded_message_bits": [1, 0, 1, 1, 1, 0, 1, 1],
  "wrong_secret_decoded_message_bits": [1, 0, 0, 0, 1, 0, 0, 0],
  "encapsulated_key_hex": "870ca530247a80f29c6c1be997965ae4fb694b0bdf6f6d23564b072e67558985",
  "decapsulated_key_hex": "870ca530247a80f29c6c1be997965ae4fb694b0bdf6f6d23564b072e67558985",
  "wrong_secret_decapsulated_key_hex": "c0c215c6f7a3c3976309df450035bdf33cf80f711f35d8886f8180bd7168f58f"
}
