{
  "experiment": "94c-e1-advanced-analysis",
  "description": "ROC/AUC and histograms for 4 statistics",
  "results": [
    {
      "n": 4,
      "m": 8,
      "p_prime": 0.2,
      "B_family": "uniform",
      "num_samples": 2000,
      "syndrome": {
        "auc": -0.56257,
        "P0_hist": {
          "4": 109,
          "3": 396,
          "2": 644,
          "0": 398,
          "1": 452,
          "5": 1
        },
        "P1_hist": {
          "0": 456,
          "2": 556,
          "1": 637,
          "3": 288,
          "4": 62,
          "5": 1
        }
      },
      "rank_diff": {
        "auc": -0.5,
        "P0_hist": {
          "1": 2000
        },
        "P1_hist": {
          "1": 2000
        }
      },
      "corr": {
        "auc": -0.484994,
        "P0_hist": {
          "0.5": 140,
          "-0.0714285714285714": 882,
          "0.1428571428571428": 430,
          "-0.1428571428571429": 515,
          "1.0": 33
        },
        "P1_hist": {
          "-0.0714285714285714": 820,
          "0.1428571428571428": 445,
          "1.0": 45,
          "0.5": 178,
          "-0.1428571428571429": 512
        }
      },
      "max_agree": {
        "auc": -0.415959,
        "P0_hist": {
          "6": 792,
          "5": 148,
          "7": 658,
          "8": 398,
          "4": 4
        },
        "P1_hist": {
          "8": 456,
          "6": 549,
          "7": 951,
          "5": 44
        }
      }
    },
    {
      "n": 5,
      "m": 10,
      "p_prime": 0.2,
      "B_family": "uniform",
      "num_samples": 2000,
      "syndrome": {
        "auc": -0.574744,
        "P0_hist": {
          "3": 572,
          "1": 315,
          "2": 563,
          "4": 278,
          "0": 216,
          "5": 56
        },
        "P1_hist": {
          "0": 287,
          "2": 538,
          "3": 389,
          "4": 222,
          "1": 511,
          "5": 53
        }
      },
      "rank_diff": {
        "auc": -0.5,
        "P0_hist": {
          "1": 2000
        },
        "P1_hist": {
          "1": 2000
        }
      },
      "corr": {
        "auc": -0.502661,
        "P0_hist": {
          "-0.11111111111111116": 498,
          "-0.06666666666666665": 828,
          "0.06666666666666665": 455,
          "0.288888888888889": 173,
          "0.6000000000000001": 36,
          "1.0": 10
        },
        "P1_hist": {
          "0.06666666666666665": 420,
          "-0.06666666666666665": 851,
          "0.288888888888889": 165,
          "-0.11111111111111116": 499,
          "0.6000000000000001": 56,
          "1.0": 9
        }
      },
      "max_agree": {
        "auc": -0.389075,
        "P0_hist": {
          "8": 968,
          "9": 504,
          "7": 297,
          "10": 216,
          "6": 14,
          "5": 1
        },
        "P1_hist": {
          "10": 287,
          "9": 831,
          "8": 765,
          "7": 114,
          "6": 3
        }
      }
    },
    {
      "n": 6,
      "m": 12,
      "p_prime": 0.2,
      "B_family": "uniform",
      "num_samples": 2000,
      "syndrome": {
        "auc": -0.581105,
        "P0_hist": {
          "4": 446,
          "3": 610,
          "5": 172,
          "2": 425,
          "0": 130,
          "1": 192,
          "6": 24,
          "7": 1
        },
        "P1_hist": {
          "4": 329,
          "5": 113,
          "1": 322,
          "0": 176,
          "3": 510,
          "2": 531,
          "6": 19
        }
      },
      "rank_diff": {
        "auc": -0.5,
        "P0_hist": {
          "1": 2000
        },
        "P1_hist": {
          "1": 2000
        }
      },
      "corr": {
        "auc": -0.491217,
        "P0_hist": {
          "0.39393939393939403": 55,
          "-0.06060606060606055": 808,
          "0.030303030303030276": 471,
          "-0.09090909090909094": 442,
          "0.18181818181818188": 209,
          "0.6666666666666667": 13,
          "1.0": 2
        },
        "P1_hist": {
          "-0.06060606060606055": 743,
          "-0.09090909090909094": 456,
          "0.18181818181818188": 223,
          "0.030303030303030276": 495,
          "0.6666666666666667": 19,
          "0.39393939393939403": 58,
          "1.0": 6
        }
      },
      "max_agree": {
        "auc": -0.389643,
        "P0_hist": {
          "9": 514,
          "10": 976,
          "12": 130,
          "11": 350,
          "8": 29,
          "7": 1
        },
        "P1_hist": {
          "10": 964,
          "11": 611,
          "12": 176,
          "9": 245,
          "8": 4
        }
      }
    },
    {
      "n": 6,
      "m": 24,
      "p_prime": 0.2,
      "B_family": "uniform",
      "num_samples": 2000,
      "syndrome": {
        "auc": -0.612029,
        "P0_hist": {
          "10": 320,
          "12": 134,
          "13": 53,
          "5": 79,
          "11": 213,
          "9": 354,
          "8": 339,
          "6": 134,
          "7": 227,
          "0": 94,
          "4": 18,
          "14": 25,
          "3": 8,
          "15": 1,
          "16": 1
        },
        "P1_hist": {
          "9": 287,
          "7": 199,
          "10": 224,
          "11": 169,
          "2": 95,
          "5": 158,
          "8": 262,
          "14": 17,
          "4": 142,
          "3": 133,
          "6": 148,
          "12": 78,
          "1": 39,
          "0": 9,
          "13": 36,
          "16": 2,
          "15": 2
        }
      },
      "rank_diff": {
        "auc": -0.5,
        "P0_hist": {
          "1": 2000
        },
        "P1_hist": {
          "1": 2000
        }
      },
      "corr": {
        "auc": -0.496288,
        "P0_hist": {
          "0.07246376811594213": 169,
          "-0.01449275362318836": 460,
          "-0.036231884057971064": 627,
          "0.3115942028985508": 7,
          "-0.04347826086956519": 308,
          "0.021739130434782705": 320,
          "0.1376811594202898": 80,
          "0.21739130434782616": 28,
          "0.5434782608695652": 1
        },
        "P1_hist": {
          "-0.04347826086956519": 331,
          "-0.036231884057971064": 606,
          "0.1376811594202898": 83,
          "-0.01449275362318836": 437,
          "0.07246376811594213": 174,
          "0.021739130434782705": 296,
          "0.3115942028985508": 12,
          "0.21739130434782616": 40,
          "0.42028985507246386": 9,
          "0.5434782608695652": 7,
          "0.681159420289855": 5
        }
      },
      "max_agree": {
        "auc": -0.196914,
        "P0_hist": {
          "18": 627,
          "15": 12,
          "20": 73,
          "19": 267,
          "17": 686,
          "16": 228,
          "24": 94,
          "21": 11,
          "22": 2
        },
        "P1_hist": {
          "19": 473,
          "17": 151,
          "21": 329,
          "22": 170,
          "20": 448,
          "18": 346,
          "23": 51,
          "24": 9,
          "16": 22,
          "15": 1
        }
      }
    }
  ]
}