{
  "n": 3,
  "m": 7,
  "num_A": 22680,
  "results": [
    {
      "lambda": 0.05,
      "best_I": 1.7155898490632406,
      "best_marg": 0.0,
      "best_E": 1.7155898490632406
    },
    {
      "lambda": 0.1,
      "best_I": 1.7160594821393893,
      "best_marg": 0.0,
      "best_E": 1.7160594821393893
    }
  ],
  "best_overall": {
    "lambda": 0.05,
    "best_I": 1.7155898490632406,
    "best_marg": 0.0
  }
}