{
  "n": 2,
  "m": 3,
  "restarts": 3,
  "iters_per_restart": 500000,
  "random_SD": 0.18654542223490353,
  "results": [
    {
      "restart": 0,
      "seed": 1000,
      "best_SD": 0.12957083794695629,
      "best_marg": 0.0
    },
    {
      "restart": 1,
      "seed": 1137,
      "best_SD": 0.1222540942525476,
      "best_marg": 0.0
    },
    {
      "restart": 2,
      "seed": 1274,
      "best_SD": 0.1251052115480943,
      "best_marg": 0.0
    }
  ],
  "best_overall": {
    "restart": 1,
    "best_SD": 0.1222540942525476,
    "best_marg": 0.0
  }
}