{
  "n": 2,
  "num_S": 720,
  "num_L": 15,
  "num_pairs": 200,
  "best_SD": 0.9609375000000071,
  "mean_SD": 0.9609375000000097,
  "min_SD": 0.9609375000000071,
  "max_SD": 0.9609375000000128
}